{"stat.walkOneCm":5026,"stat.pickup.minecraft.wooden_slab":3,"stat.leaveGame":3,"stat.craftItem.minecraft.crafting_table":1,"stat.craftItem.inspirations.wooden_crook":1,"stat.pickup.sky_orchards.resin_dirt":28,"stat.useItem.inspirations.wooden_crook":101,"stat.pickup.minecraft.log":17,"stat.jump":1,"stat.crouchOneCm":9037,"stat.mineBlock.sky_orchards.log_dirt":17,"stat.craftItem.tconstruct.tooltables":1,"stat.pickup.sky_orchards.acorn_dirt":8,"stat.useItem.minecraft.dirt":1,"stat.useItem.minecraft.stone_slab2":3,"stat.craftItem.minecraft.stick":4,"stat.pickup.sky_orchards.sapling_dirt":12,"stat.craftItem.minecraft.planks":52,"stat.craftItem.minecraft.dirt":2,"stat.mineBlock.sky_orchards.leaves_dirt":122,"stat.mineBlock.minecraft.wooden_slab":3,"stat.playOneMinute":7955,"stat.craftItem.minecraft.wooden_slab":60,"stat.sneakTime":2752,"stat.timeSinceDeath":7955,"stat.useItem.minecraft.wooden_slab":48,"stat.useItem.sky_orchards.sapling_dirt":4}