{"stat.walkOneCm":6473,"stat.pickup.minecraft.wooden_slab":3,"stat.leaveGame":4,"stat.craftItem.minecraft.crafting_table":1,"stat.craftItem.inspirations.wooden_crook":2,"stat.pickup.sky_orchards.resin_dirt":35,"stat.useItem.inspirations.wooden_crook":134,"stat.pickup.minecraft.log":22,"stat.jump":1,"stat.crouchOneCm":12444,"stat.mineBlock.sky_orchards.log_dirt":22,"stat.craftItem.tconstruct.tooltables":1,"stat.pickup.sky_orchards.acorn_dirt":13,"stat.useItem.minecraft.dirt":1,"stat.useItem.minecraft.stone_slab2":3,"stat.craftItem.minecraft.stick":4,"stat.pickup.sky_orchards.sapling_dirt":14,"stat.craftItem.minecraft.planks":52,"stat.craftItem.minecraft.dirt":2,"stat.mineBlock.sky_orchards.leaves_dirt":179,"stat.mineBlock.minecraft.wooden_slab":3,"stat.playOneMinute":9654,"stat.craftItem.minecraft.wooden_slab":60,"stat.sneakTime":3680,"stat.timeSinceDeath":9654,"stat.useItem.minecraft.wooden_slab":48,"stat.useItem.sky_orchards.sapling_dirt":5}