{"stat.craftItem.sky_orchards.sapling_sand":2,"stat.pickup.minecraft.wooden_slab":11,"stat.craftItem.ceramics.unfired_clay":6,"stat.leaveGame":5,"stat.mineBlock.minecraft.cobblestone":10,"stat.mineBlock.sky_orchards.leaves_gravel":111,"stat.pickup.minecraft.flint":4,"stat.pickup.sky_orchards.resin_dirt":68,"stat.swimOneCm":973,"stat.useItem.minecraft.planks":3,"stat.craftItem.sky_orchards.sapling_petrified":2,"stat.mineBlock.morecauldrons.oak_cauldron":2,"stat.mineBlock.sky_orchards.log_dirt":42,"stat.useItem.minecraft.dirt":1,"stat.useItem.minecraft.stone_slab2":57,"stat.craftItem.sky_orchards.amber_clay":8,"stat.craftItem.sky_orchards.sapling_gravel":2,"stat.pickup.sky_orchards.sapling_dirt":47,"stat.pickup.tp.cobblegen_block":1,"stat.craftItem.minecraft.stone_pickaxe":1,"stat.mineBlock.sky_orchards.leaves_dirt":398,"stat.pickup.minecraft.cobblestone":26,"stat.mineBlock.minecraft.wooden_slab":13,"stat.flyOneCm":529,"stat.craftItem.minecraft.wooden_slab":216,"stat.pickup.sky_orchards.resin_petrified":111,"stat.pickup.sky_orchards.sapling_petrified":156,"stat.timeSinceDeath":103966,"stat.useItem.minecraft.wooden_slab":116,"stat.craftItem.minecraft.wooden_pickaxe":2,"stat.pickup.minecraft.wooden_axe":1,"stat.furnaceInteraction":30,"stat.useItem.tconstruct.rack":2,"stat.useItem.sky_orchards.sapling_clay":1,"stat.mineBlock.sky_orchards.leaves_clay":221,"stat.craftItem.minecraft.stone_slab2":0,"stat.useItem.sky_orchards.sapling_petrified":12,"stat.craftItem.tconstruct.tooltables":2,"stat.pickup.sky_orchards.acorn_dirt":27,"stat.sprintOneCm":4813,"stat.mineBlock.minecraft.stone_slab":3,"stat.craftItem.minecraft.stick":28,"stat.craftItem.minecraft.wooden_axe":9,"stat.useItem.minecraft.stone_slab":16,"stat.mineBlock.sky_orchards.leaves_petrified":819,"stat.craftItem.minecraft.sand":6,"stat.pickup.sky_orchards.leaves_gravel":5,"stat.pickup.inspirations.wooden_crook":1,"stat.craftItem.minecraft.clay_ball":40,"stat.craftItem.morecauldrons.cobble_cauldron":1,"stat.mineBlock.minecraft.planks":1,"stat.pickup.sky_orchards.leaves_dirt":1,"stat.playOneMinute":103966,"stat.pickup.tconstruct.rack":5,"stat.craftItem.sky_orchards.sapling_clay":2,"stat.craftItem.minecraft.clay":7,"stat.diveOneCm":1408,"stat.useItem.sky_orchards.sapling_sand":1,"stat.chestOpened":69,"stat.craftItem.tp.cobblegen_block":2,"stat.pickup.sky_orchards.acorn_petrified":82,"stat.useItem.inspirations.wooden_crook":1563,"stat.pickup.sky_orchards.resin_sand":22,"stat.pickup.sky_orchards.resin_clay":40,"stat.jump":134,"stat.craftItem.tconstruct.rack":4,"stat.craftItem.bonsaitrees.bonsaipot":4,"stat.crouchOneCm":66228,"stat.mineBlock.minecraft.chest":5,"stat.craftItem.minecraft.chest":6,"stat.mineBlock.sky_orchards.log_sand":11,"stat.mineBlock.sky_orchards.leaves_sand":113,"stat.pickup.sky_orchards.sapling_sand":13,"stat.mineBlock.tconstruct.rack":5,"stat.pickup.inspirations.sugar_cane_seeds":16,"stat.damageTaken":10,"stat.mineBlock.minecraft.torch":1,"stat.useItem.minecraft.wooden_pickaxe":13,"stat.pickup.minecraft.planks":1,"stat.useItem.minecraft.stone_pickaxe":1,"stat.pickup.sky_orchards.sapling_clay":30,"stat.craftItem.minecraft.glass":1,"stat.craftItem.minecraft.gravel":8,"stat.craftItem.minecraft.stone_slab":48,"stat.walkOneCm":165184,"stat.useItem.minecraft.torch":2,"stat.useItem.minecraft.chest":2,"stat.pickup.sky_orchards.leaves_clay":7,"stat.pickup.minecraft.stick":31,"stat.pickup.minecraft.crafting_table":1,"stat.useItem.minecraft.log":1,"stat.craftItem.inspirations.wooden_crook":16,"stat.craftItem.minecraft.crafting_table":2,"stat.pickup.sky_orchards.acorn_clay":49,"stat.pickup.sky_orchards.leaves_sand":5,"stat.craftItem.ceramics.clay_bucket":3,"stat.craftItem.morecauldrons.oak_cauldron":2,"stat.mineBlock.sky_orchards.sapling_clay":1,"stat.pickup.minecraft.log":232,"stat.mineBlock.sky_orchards.log_gravel":11,"stat.pickup.sky_orchards.resin_gravel":28,"stat.craftItem.rustic.crushing_tub":1,"stat.pickup.sky_orchards.acorn_gravel":34,"stat.pickup.sky_orchards.acorn_sand":42,"stat.pickup.sky_orchards.sapling_gravel":18,"stat.craftItem.minecraft.planks":288,"stat.pickup.morecauldrons.oak_cauldron":2,"stat.craftItem.minecraft.dirt":6,"stat.mineBlock.sky_orchards.log_clay":20,"stat.craftItem.slabmachines.furnace_slab":2,"stat.pickup.minecraft.torch":1,"stat.sneakTime":21797,"stat.mineBlock.tp.cobblegen_block":1,"stat.pickup.minecraft.stone_slab":9,"stat.useItem.minecraft.wooden_axe":110,"stat.craftItem.minecraft.brick":14,"stat.craftItem.minecraft.cobblestone":32,"stat.useItem.sky_orchards.sapling_dirt":7,"stat.mineBlock.sky_orchards.log_petrified":80,"stat.pickup.minecraft.chest":5}