{"stat.chestOpened":20,"stat.craftItem.sky_orchards.sapling_sand":2,"stat.pickup.minecraft.wooden_slab":9,"stat.craftItem.ceramics.unfired_clay":6,"stat.craftItem.tp.cobblegen_block":2,"stat.leaveGame":5,"stat.mineBlock.minecraft.cobblestone":10,"stat.mineBlock.sky_orchards.leaves_gravel":111,"stat.pickup.minecraft.flint":3,"stat.pickup.sky_orchards.acorn_petrified":82,"stat.pickup.sky_orchards.resin_dirt":65,"stat.useItem.inspirations.wooden_crook":1454,"stat.pickup.sky_orchards.resin_sand":7,"stat.pickup.sky_orchards.resin_clay":22,"stat.jump":92,"stat.swimOneCm":973,"stat.craftItem.tconstruct.rack":4,"stat.useItem.minecraft.planks":3,"stat.craftItem.sky_orchards.sapling_petrified":2,"stat.mineBlock.morecauldrons.oak_cauldron":1,"stat.crouchOneCm":58197,"stat.mineBlock.sky_orchards.log_dirt":42,"stat.mineBlock.minecraft.chest":5,"stat.craftItem.minecraft.chest":6,"stat.mineBlock.sky_orchards.log_sand":5,"stat.useItem.minecraft.dirt":1,"stat.useItem.minecraft.stone_slab2":46,"stat.craftItem.sky_orchards.amber_clay":4,"stat.mineBlock.sky_orchards.leaves_sand":58,"stat.pickup.sky_orchards.sapling_sand":4,"stat.craftItem.sky_orchards.sapling_gravel":2,"stat.mineBlock.tconstruct.rack":2,"stat.pickup.sky_orchards.sapling_dirt":46,"stat.pickup.tp.cobblegen_block":1,"stat.damageTaken":10,"stat.mineBlock.minecraft.torch":1,"stat.craftItem.minecraft.stone_pickaxe":1,"stat.useItem.minecraft.wooden_pickaxe":13,"stat.mineBlock.sky_orchards.leaves_dirt":398,"stat.pickup.minecraft.cobblestone":26,"stat.mineBlock.minecraft.wooden_slab":11,"stat.pickup.minecraft.planks":1,"stat.flyOneCm":93,"stat.useItem.minecraft.stone_pickaxe":1,"stat.craftItem.minecraft.wooden_slab":168,"stat.pickup.sky_orchards.resin_petrified":111,"stat.pickup.sky_orchards.sapling_clay":21,"stat.craftItem.minecraft.glass":1,"stat.pickup.sky_orchards.sapling_petrified":137,"stat.timeSinceDeath":72128,"stat.useItem.minecraft.wooden_slab":88,"stat.craftItem.minecraft.wooden_pickaxe":2,"stat.craftItem.minecraft.stone_slab":48,"stat.walkOneCm":101746,"stat.useItem.minecraft.torch":2,"stat.useItem.minecraft.chest":2,"stat.pickup.minecraft.stick":4,"stat.pickup.minecraft.crafting_table":1,"stat.furnaceInteraction":12,"stat.craftItem.inspirations.wooden_crook":13,"stat.craftItem.minecraft.crafting_table":2,"stat.pickup.sky_orchards.acorn_clay":22,"stat.useItem.tconstruct.rack":2,"stat.useItem.sky_orchards.sapling_clay":1,"stat.craftItem.ceramics.clay_bucket":3,"stat.craftItem.morecauldrons.oak_cauldron":2,"stat.mineBlock.sky_orchards.sapling_clay":1,"stat.pickup.minecraft.log":154,"stat.mineBlock.sky_orchards.log_gravel":11,"stat.pickup.sky_orchards.resin_gravel":19,"stat.craftItem.rustic.crushing_tub":1,"stat.pickup.sky_orchards.acorn_gravel":19,"stat.mineBlock.sky_orchards.leaves_clay":167,"stat.craftItem.minecraft.stone_slab2":0,"stat.pickup.sky_orchards.acorn_sand":12,"stat.useItem.sky_orchards.sapling_petrified":12,"stat.craftItem.tconstruct.tooltables":2,"stat.pickup.sky_orchards.acorn_dirt":21,"stat.sprintOneCm":2395,"stat.mineBlock.minecraft.stone_slab":3,"stat.pickup.sky_orchards.sapling_gravel":16,"stat.craftItem.minecraft.stick":24,"stat.craftItem.minecraft.wooden_axe":6,"stat.useItem.minecraft.stone_slab":16,"stat.mineBlock.sky_orchards.leaves_petrified":819,"stat.craftItem.minecraft.planks":244,"stat.craftItem.minecraft.sand":2,"stat.pickup.morecauldrons.oak_cauldron":1,"stat.craftItem.minecraft.dirt":2,"stat.pickup.inspirations.wooden_crook":1,"stat.craftItem.minecraft.clay_ball":24,"stat.mineBlock.sky_orchards.log_clay":16,"stat.mineBlock.minecraft.planks":1,"stat.craftItem.slabmachines.furnace_slab":2,"stat.playOneMinute":72128,"stat.pickup.tconstruct.rack":2,"stat.craftItem.sky_orchards.sapling_clay":2,"stat.pickup.minecraft.torch":1,"stat.sneakTime":19579,"stat.mineBlock.tp.cobblegen_block":1,"stat.pickup.minecraft.stone_slab":9,"stat.useItem.minecraft.wooden_axe":96,"stat.craftItem.minecraft.clay":2,"stat.craftItem.minecraft.cobblestone":32,"stat.useItem.sky_orchards.sapling_dirt":7,"stat.mineBlock.sky_orchards.log_petrified":80,"stat.diveOneCm":1408,"stat.pickup.minecraft.chest":5}