{"stat.mineBlock.sky_orchards.log_coal":6,"stat.craftItem.sky_orchards.sapling_sand":2,"stat.pickup.minecraft.wooden_slab":11,"stat.craftItem.ceramics.unfired_clay":8,"stat.leaveGame":5,"stat.mineBlock.minecraft.cobblestone":11,"stat.mineBlock.sky_orchards.leaves_gravel":133,"stat.pickup.minecraft.flint":14,"stat.craftItem.tconstruct.faucet":4,"stat.pickup.sky_orchards.resin_dirt":82,"stat.pickup.pickletweaks.coal_piece":2,"stat.craftItem.sky_orchards.amber_iron":16,"stat.swimOneCm":1023,"stat.pickup.tconstruct.faucet":1,"stat.useItem.minecraft.planks":5,"stat.craftItem.sky_orchards.sapling_petrified":2,"stat.mineBlock.morecauldrons.oak_cauldron":2,"stat.mineBlock.sky_orchards.log_dirt":46,"stat.craftItem.inspirations.stone_crook":3,"stat.useItem.minecraft.dirt":1,"stat.useItem.minecraft.stone_slab2":110,"stat.craftItem.sky_orchards.amber_clay":22,"stat.craftItem.minecraft.furnace":3,"stat.craftItem.sky_orchards.sapling_gravel":2,"stat.pickup.sky_orchards.sapling_dirt":59,"stat.craftItem.minecraft.bone_block":2,"stat.pickup.tp.cobblegen_block":1,"stat.craftItem.minecraft.stone_axe":5,"stat.craftItem.sky_orchards.sapling_bone":1,"stat.craftItem.minecraft.stone_pickaxe":1,"stat.mineBlock.sky_orchards.leaves_dirt":453,"stat.pickup.minecraft.cobblestone":27,"stat.mineBlock.minecraft.wooden_slab":13,"stat.craftItem.tconstruct.casting":4,"stat.flyOneCm":1490,"stat.mineBlock.sky_orchards.leaves_coal":53,"stat.pickup.inspirations.mulch":3,"stat.pickup.sky_orchards.resin_coal":30,"stat.craftItem.minecraft.wooden_slab":216,"stat.pickup.sky_orchards.resin_petrified":111,"stat.pickup.sky_orchards.sapling_petrified":211,"stat.timeSinceDeath":211966,"stat.useItem.minecraft.wooden_slab":116,"stat.craftItem.minecraft.wooden_pickaxe":2,"stat.pickup.minecraft.wooden_axe":2,"stat.craftItem.tconstruct.seared":47,"stat.furnaceInteraction":117,"stat.useItem.tconstruct.rack":2,"stat.useItem.sky_orchards.sapling_clay":1,"stat.craftItem.tconstruct.soil":216,"stat.pickup.tconstruct.smeltery_controller":1,"stat.pickup.sky_orchards.acorn_coal":25,"stat.mineBlock.rustic.sapling_apple":1,"stat.mineBlock.sky_orchards.leaves_clay":320,"stat.mineBlock.tcomplement.melter":2,"stat.craftItem.minecraft.stone_slab2":0,"stat.craftItem.tconstruct.stone_stick":8,"stat.useItem.sky_orchards.sapling_petrified":12,"stat.craftItem.tconstruct.tooltables":2,"stat.pickup.sky_orchards.acorn_dirt":37,"stat.sprintOneCm":21309,"stat.mineBlock.minecraft.stone_slab":3,"stat.pickup.sky_orchards.sapling_coal":5,"stat.craftItem.minecraft.stick":28,"stat.craftItem.minecraft.wooden_axe":18,"stat.useItem.minecraft.stone_slab":16,"stat.mineBlock.sky_orchards.leaves_petrified":819,"stat.pickup.tconstruct.smeltery_io":1,"stat.craftItem.minecraft.sand":68,"stat.pickup.sky_orchards.leaves_gravel":77,"stat.pickup.inspirations.wooden_crook":1,"stat.pickup.sky_orchards.leaves_coal":9,"stat.craftItem.minecraft.clay_ball":96,"stat.craftItem.morecauldrons.cobble_cauldron":1,"stat.useItem.minecraft.dye":2,"stat.mineBlock.minecraft.planks":1,"stat.drop":1,"stat.pickup.sky_orchards.leaves_dirt":2,"stat.playOneMinute":211966,"stat.pickup.tconstruct.rack":5,"stat.craftItem.sky_orchards.sapling_clay":2,"stat.mineBlock.rustic.leaves_apple":54,"stat.useItem.tconstruct.seared":12,"stat.useItem.sky_orchards.acorn_dirt":1,"stat.mineBlock.bonsaitrees.bonsaipot":6,"stat.craftItem.minecraft.dye":9,"stat.craftItem.minecraft.clay":21,"stat.diveOneCm":1408,"stat.useItem.sky_orchards.sapling_sand":1,"stat.pickup.tconstruct.seared":1,"stat.chestOpened":225,"stat.useItem.inspirations.stone_crook":144,"stat.pickup.tconstruct.casting":1,"stat.craftItem.tp.cobblegen_block":2,"stat.mineBlock.tconstruct.seared_furnace_controller":2,"stat.mineBlock.tconstruct.smeltery_controller":1,"stat.pickup.sky_orchards.acorn_petrified":82,"stat.mineBlock.sky_orchards.leaves_iron":54,"stat.useItem.inspirations.wooden_crook":1736,"stat.pickup.sky_orchards.resin_sand":192,"stat.mineBlock.tconstruct.faucet":1,"stat.craftItem.sky_orchards.sapling_coal":1,"stat.pickup.sky_orchards.resin_clay":76,"stat.pickup.tconstruct.seared_furnace_controller":2,"stat.pickup.rustic.leaves_apple":3,"stat.pickup.sky_orchards.leaves_iron":9,"stat.jump":243,"stat.useItem.sky_orchards.sapling_gravel":1,"stat.craftItem.tconstruct.rack":4,"stat.fallOneCm":627,"stat.craftItem.inspirations.mulch":8,"stat.pickup.sky_orchards.leaves_bone":2,"stat.craftItem.bonsaitrees.bonsaipot":6,"stat.useItem.minecraft.stone_axe":55,"stat.crouchOneCm":74515,"stat.mineBlock.minecraft.chest":5,"stat.craftItem.minecraft.chest":13,"stat.mineBlock.sky_orchards.log_sand":28,"stat.craftItem.minecraft.iron_ingot":9,"stat.pickup.minecraft.dirt":3,"stat.pickup.bonsaitrees.bonsaipot":6,"stat.craftItem.minecraft.hopper":2,"stat.mineBlock.sky_orchards.leaves_sand":119,"stat.pickup.sky_orchards.resin_bone":8,"stat.pickup.sky_orchards.sapling_sand":45,"stat.useItem.minecraft.sapling":1,"stat.mineBlock.tconstruct.rack":5,"stat.craftItem.tcomplement.melter":2,"stat.pickup.inspirations.sugar_cane_seeds":19,"stat.pickup.minecraft.leaves":10,"stat.damageTaken":10,"stat.mineBlock.minecraft.torch":1,"stat.useItem.minecraft.wooden_pickaxe":13,"stat.mineBlock.tconstruct.smeltery_io":1,"stat.craftItem.tconstruct.materials":136,"stat.mineBlock.minecraft.sapling":1,"stat.pickup.minecraft.dye":2,"stat.pickup.minecraft.planks":1,"stat.pickup.sky_orchards.resin_iron":25,"stat.pickup.tconstruct.materials":12,"stat.useItem.minecraft.stone_pickaxe":11,"stat.craftItem.tconstruct.seared_tank":2,"stat.pickup.sky_orchards.sapling_clay":50,"stat.craftItem.tconstruct.seared_furnace_controller":2,"stat.craftItem.minecraft.glass":2,"stat.mineBlock.sky_orchards.log_iron":6,"stat.pickup.sky_orchards.acorn_iron":29,"stat.craftItem.minecraft.gravel":73,"stat.pickup.sky_orchards.acorn_bone":16,"stat.craftItem.minecraft.stone_slab":48,"stat.walkOneCm":416132,"stat.useItem.minecraft.torch":2,"stat.useItem.minecraft.chest":2,"stat.craftItem.tconstruct.smeltery_io":4,"stat.pickup.sky_orchards.sapling_iron":22,"stat.pickup.sky_orchards.leaves_clay":14,"stat.pickup.minecraft.stick":266,"stat.pickup.tcomplement.melter":2,"stat.pickup.sky_orchards.sapling_bone":2,"stat.pickup.minecraft.crafting_table":1,"stat.useItem.minecraft.log":1,"stat.useItem.minecraft.cobblestone":1,"stat.craftItem.inspirations.wooden_crook":19,"stat.craftItem.minecraft.crafting_table":2,"stat.pickup.sky_orchards.acorn_clay":86,"stat.pickup.rustic.apple_seeds":1,"stat.pickup.sky_orchards.leaves_sand":68,"stat.craftItem.ceramics.clay_bucket":4,"stat.craftItem.morecauldrons.oak_cauldron":2,"stat.mineBlock.sky_orchards.sapling_clay":1,"stat.pickup.minecraft.log":793,"stat.useItem.tconstruct.faucet":1,"stat.mineBlock.sky_orchards.log_gravel":19,"stat.drop.inspirations.wooden_crook":1,"stat.pickup.sky_orchards.resin_gravel":211,"stat.craftItem.rustic.crushing_tub":1,"stat.pickup.sky_orchards.acorn_gravel":287,"stat.pickup.sky_orchards.acorn_sand":309,"stat.pickup.minecraft.sapling":3,"stat.pickup.sky_orchards.sapling_gravel":46,"stat.pickup.minecraft.apple":6,"stat.craftItem.tconstruct.smeltery_controller":2,"stat.craftItem.minecraft.bucket":2,"stat.craftItem.bdsandm.wood_crate":2,"stat.craftItem.minecraft.planks":444,"stat.pickup.morecauldrons.oak_cauldron":2,"stat.craftItem.minecraft.dirt":8,"stat.mineBlock.minecraft.log":6,"stat.mineBlock.sky_orchards.log_clay":30,"stat.pickup.rustic.sapling_apple":8,"stat.craftItem.slabmachines.furnace_slab":2,"stat.pickup.minecraft.torch":6,"stat.mineBlock.tconstruct.seared":1,"stat.sneakTime":25287,"stat.mineBlock.tconstruct.casting":1,"stat.mineBlock.tp.cobblegen_block":1,"stat.pickup.minecraft.stone_slab":9,"stat.useItem.minecraft.wooden_axe":129,"stat.craftItem.minecraft.brick":17,"stat.craftItem.minecraft.cobblestone":32,"stat.useItem.sky_orchards.sapling_dirt":7,"stat.mineBlock.sky_orchards.log_petrified":80,"stat.pickup.minecraft.chest":5}