{"stat.walkOneCm":2430,"stat.pickup.minecraft.wooden_slab":2,"stat.leaveGame":2,"stat.craftItem.minecraft.crafting_table":1,"stat.craftItem.inspirations.wooden_crook":1,"stat.pickup.sky_orchards.resin_dirt":16,"stat.useItem.inspirations.wooden_crook":51,"stat.pickup.minecraft.log":11,"stat.crouchOneCm":5092,"stat.mineBlock.sky_orchards.log_dirt":11,"stat.craftItem.tconstruct.tooltables":1,"stat.pickup.sky_orchards.acorn_dirt":5,"stat.useItem.minecraft.stone_slab2":1,"stat.craftItem.minecraft.stick":4,"stat.pickup.sky_orchards.sapling_dirt":10,"stat.craftItem.minecraft.planks":28,"stat.mineBlock.sky_orchards.leaves_dirt":71,"stat.mineBlock.minecraft.wooden_slab":2,"stat.playOneMinute":4065,"stat.craftItem.minecraft.wooden_slab":24,"stat.sneakTime":1745,"stat.timeSinceDeath":4065,"stat.useItem.minecraft.wooden_slab":25,"stat.useItem.sky_orchards.sapling_dirt":2}