{"stat.craftItem.sky_orchards.sapling_sand":2,"stat.pickup.minecraft.wooden_slab":11,"stat.craftItem.ceramics.unfired_clay":6,"stat.leaveGame":5,"stat.mineBlock.minecraft.cobblestone":10,"stat.mineBlock.sky_orchards.leaves_gravel":111,"stat.pickup.minecraft.flint":7,"stat.craftItem.tconstruct.faucet":4,"stat.pickup.sky_orchards.resin_dirt":74,"stat.swimOneCm":973,"stat.useItem.minecraft.planks":3,"stat.craftItem.sky_orchards.sapling_petrified":2,"stat.mineBlock.morecauldrons.oak_cauldron":2,"stat.mineBlock.sky_orchards.log_dirt":46,"stat.useItem.minecraft.dirt":1,"stat.useItem.minecraft.stone_slab2":68,"stat.craftItem.sky_orchards.amber_clay":12,"stat.craftItem.sky_orchards.sapling_gravel":2,"stat.pickup.sky_orchards.sapling_dirt":58,"stat.pickup.tp.cobblegen_block":1,"stat.craftItem.minecraft.stone_pickaxe":1,"stat.mineBlock.sky_orchards.leaves_dirt":453,"stat.pickup.minecraft.cobblestone":26,"stat.mineBlock.minecraft.wooden_slab":13,"stat.flyOneCm":557,"stat.craftItem.minecraft.wooden_slab":216,"stat.pickup.sky_orchards.resin_petrified":111,"stat.pickup.sky_orchards.sapling_petrified":156,"stat.timeSinceDeath":139966,"stat.useItem.minecraft.wooden_slab":116,"stat.craftItem.minecraft.wooden_pickaxe":2,"stat.pickup.minecraft.wooden_axe":1,"stat.craftItem.tconstruct.seared":15,"stat.furnaceInteraction":64,"stat.useItem.tconstruct.rack":2,"stat.useItem.sky_orchards.sapling_clay":1,"stat.craftItem.tconstruct.soil":112,"stat.mineBlock.sky_orchards.leaves_clay":221,"stat.craftItem.minecraft.stone_slab2":0,"stat.useItem.sky_orchards.sapling_petrified":12,"stat.craftItem.tconstruct.tooltables":2,"stat.pickup.sky_orchards.acorn_dirt":30,"stat.sprintOneCm":7063,"stat.mineBlock.minecraft.stone_slab":3,"stat.craftItem.minecraft.stick":28,"stat.craftItem.minecraft.wooden_axe":15,"stat.useItem.minecraft.stone_slab":16,"stat.mineBlock.sky_orchards.leaves_petrified":819,"stat.craftItem.minecraft.sand":30,"stat.pickup.sky_orchards.leaves_gravel":37,"stat.pickup.inspirations.wooden_crook":1,"stat.craftItem.minecraft.clay_ball":56,"stat.craftItem.morecauldrons.cobble_cauldron":1,"stat.mineBlock.minecraft.planks":1,"stat.pickup.sky_orchards.leaves_dirt":1,"stat.playOneMinute":139966,"stat.pickup.tconstruct.rack":5,"stat.craftItem.sky_orchards.sapling_clay":2,"stat.useItem.tconstruct.seared":5,"stat.mineBlock.bonsaitrees.bonsaipot":3,"stat.craftItem.minecraft.clay":13,"stat.diveOneCm":1408,"stat.useItem.sky_orchards.sapling_sand":1,"stat.chestOpened":105,"stat.craftItem.tp.cobblegen_block":2,"stat.pickup.sky_orchards.acorn_petrified":82,"stat.useItem.inspirations.wooden_crook":1618,"stat.pickup.sky_orchards.resin_sand":100,"stat.pickup.sky_orchards.resin_clay":51,"stat.jump":142,"stat.craftItem.tconstruct.rack":4,"stat.fallOneCm":209,"stat.craftItem.inspirations.mulch":8,"stat.craftItem.bonsaitrees.bonsaipot":4,"stat.crouchOneCm":68845,"stat.mineBlock.minecraft.chest":5,"stat.craftItem.minecraft.chest":6,"stat.mineBlock.sky_orchards.log_sand":11,"stat.pickup.minecraft.dirt":3,"stat.pickup.bonsaitrees.bonsaipot":3,"stat.mineBlock.sky_orchards.leaves_sand":113,"stat.pickup.sky_orchards.sapling_sand":26,"stat.useItem.minecraft.sapling":1,"stat.mineBlock.tconstruct.rack":5,"stat.pickup.inspirations.sugar_cane_seeds":19,"stat.pickup.minecraft.leaves":4,"stat.damageTaken":10,"stat.mineBlock.minecraft.torch":1,"stat.useItem.minecraft.wooden_pickaxe":13,"stat.craftItem.tconstruct.materials":64,"stat.mineBlock.minecraft.sapling":1,"stat.pickup.minecraft.dye":2,"stat.pickup.minecraft.planks":1,"stat.pickup.tconstruct.materials":12,"stat.useItem.minecraft.stone_pickaxe":1,"stat.pickup.sky_orchards.sapling_clay":33,"stat.craftItem.minecraft.glass":1,"stat.craftItem.minecraft.gravel":39,"stat.craftItem.minecraft.stone_slab":48,"stat.walkOneCm":231984,"stat.useItem.minecraft.torch":2,"stat.useItem.minecraft.chest":2,"stat.craftItem.tconstruct.smeltery_io":4,"stat.pickup.sky_orchards.leaves_clay":10,"stat.pickup.minecraft.stick":113,"stat.pickup.minecraft.crafting_table":1,"stat.useItem.minecraft.log":1,"stat.craftItem.inspirations.wooden_crook":19,"stat.craftItem.minecraft.crafting_table":2,"stat.pickup.sky_orchards.acorn_clay":62,"stat.pickup.sky_orchards.leaves_sand":31,"stat.craftItem.ceramics.clay_bucket":3,"stat.craftItem.morecauldrons.oak_cauldron":2,"stat.mineBlock.sky_orchards.sapling_clay":1,"stat.pickup.minecraft.log":444,"stat.useItem.tconstruct.faucet":1,"stat.mineBlock.sky_orchards.log_gravel":11,"stat.pickup.sky_orchards.resin_gravel":113,"stat.craftItem.rustic.crushing_tub":1,"stat.pickup.sky_orchards.acorn_gravel":148,"stat.pickup.sky_orchards.acorn_sand":132,"stat.pickup.minecraft.sapling":2,"stat.pickup.sky_orchards.sapling_gravel":32,"stat.craftItem.minecraft.planks":344,"stat.pickup.morecauldrons.oak_cauldron":2,"stat.craftItem.minecraft.dirt":8,"stat.mineBlock.sky_orchards.log_clay":20,"stat.craftItem.slabmachines.furnace_slab":2,"stat.pickup.minecraft.torch":1,"stat.sneakTime":22652,"stat.mineBlock.tp.cobblegen_block":1,"stat.pickup.minecraft.stone_slab":9,"stat.useItem.minecraft.wooden_axe":117,"stat.craftItem.minecraft.brick":14,"stat.craftItem.minecraft.cobblestone":32,"stat.useItem.sky_orchards.sapling_dirt":7,"stat.mineBlock.sky_orchards.log_petrified":80,"stat.pickup.minecraft.chest":5}