{"stat.mineBlock.sky_orchards.log_coal":6,"stat.craftItem.sky_orchards.sapling_sand":2,"stat.pickup.minecraft.wooden_slab":11,"stat.craftItem.ceramics.unfired_clay":6,"stat.leaveGame":5,"stat.mineBlock.minecraft.cobblestone":10,"stat.mineBlock.sky_orchards.leaves_gravel":133,"stat.pickup.minecraft.flint":12,"stat.craftItem.tconstruct.faucet":4,"stat.pickup.sky_orchards.resin_dirt":74,"stat.pickup.pickletweaks.coal_piece":2,"stat.craftItem.sky_orchards.amber_iron":2,"stat.swimOneCm":973,"stat.pickup.tconstruct.faucet":1,"stat.useItem.minecraft.planks":3,"stat.craftItem.sky_orchards.sapling_petrified":2,"stat.mineBlock.morecauldrons.oak_cauldron":2,"stat.mineBlock.sky_orchards.log_dirt":46,"stat.craftItem.inspirations.stone_crook":2,"stat.useItem.minecraft.dirt":1,"stat.useItem.minecraft.stone_slab2":92,"stat.craftItem.sky_orchards.amber_clay":20,"stat.craftItem.minecraft.furnace":3,"stat.craftItem.sky_orchards.sapling_gravel":2,"stat.pickup.sky_orchards.sapling_dirt":58,"stat.pickup.tp.cobblegen_block":1,"stat.craftItem.minecraft.stone_axe":2,"stat.craftItem.minecraft.stone_pickaxe":1,"stat.mineBlock.sky_orchards.leaves_dirt":453,"stat.pickup.minecraft.cobblestone":26,"stat.mineBlock.minecraft.wooden_slab":13,"stat.craftItem.tconstruct.casting":4,"stat.flyOneCm":1383,"stat.mineBlock.sky_orchards.leaves_coal":53,"stat.pickup.sky_orchards.resin_coal":11,"stat.craftItem.minecraft.wooden_slab":216,"stat.pickup.sky_orchards.resin_petrified":111,"stat.pickup.sky_orchards.sapling_petrified":156,"stat.timeSinceDeath":175966,"stat.useItem.minecraft.wooden_slab":116,"stat.craftItem.minecraft.wooden_pickaxe":2,"stat.pickup.minecraft.wooden_axe":2,"stat.craftItem.tconstruct.seared":24,"stat.furnaceInteraction":104,"stat.useItem.tconstruct.rack":2,"stat.useItem.sky_orchards.sapling_clay":1,"stat.craftItem.tconstruct.soil":216,"stat.pickup.tconstruct.smeltery_controller":1,"stat.pickup.sky_orchards.acorn_coal":6,"stat.mineBlock.sky_orchards.leaves_clay":320,"stat.mineBlock.tcomplement.melter":1,"stat.craftItem.minecraft.stone_slab2":0,"stat.craftItem.tconstruct.stone_stick":8,"stat.useItem.sky_orchards.sapling_petrified":12,"stat.craftItem.tconstruct.tooltables":2,"stat.pickup.sky_orchards.acorn_dirt":30,"stat.sprintOneCm":11614,"stat.mineBlock.minecraft.stone_slab":3,"stat.pickup.sky_orchards.sapling_coal":2,"stat.craftItem.minecraft.stick":28,"stat.craftItem.minecraft.wooden_axe":18,"stat.useItem.minecraft.stone_slab":16,"stat.mineBlock.sky_orchards.leaves_petrified":819,"stat.pickup.tconstruct.smeltery_io":1,"stat.craftItem.minecraft.sand":68,"stat.pickup.sky_orchards.leaves_gravel":64,"stat.pickup.inspirations.wooden_crook":1,"stat.craftItem.minecraft.clay_ball":88,"stat.craftItem.morecauldrons.cobble_cauldron":1,"stat.mineBlock.minecraft.planks":1,"stat.drop":1,"stat.pickup.sky_orchards.leaves_dirt":1,"stat.playOneMinute":175966,"stat.pickup.tconstruct.rack":5,"stat.craftItem.sky_orchards.sapling_clay":2,"stat.useItem.tconstruct.seared":9,"stat.mineBlock.bonsaitrees.bonsaipot":3,"stat.craftItem.minecraft.clay":21,"stat.diveOneCm":1408,"stat.useItem.sky_orchards.sapling_sand":1,"stat.chestOpened":147,"stat.useItem.inspirations.stone_crook":36,"stat.pickup.tconstruct.casting":1,"stat.craftItem.tp.cobblegen_block":2,"stat.mineBlock.tconstruct.seared_furnace_controller":1,"stat.mineBlock.tconstruct.smeltery_controller":1,"stat.pickup.sky_orchards.acorn_petrified":82,"stat.useItem.inspirations.wooden_crook":1736,"stat.pickup.sky_orchards.resin_sand":183,"stat.mineBlock.tconstruct.faucet":1,"stat.craftItem.sky_orchards.sapling_coal":1,"stat.pickup.sky_orchards.resin_clay":68,"stat.pickup.tconstruct.seared_furnace_controller":1,"stat.jump":187,"stat.useItem.sky_orchards.sapling_gravel":1,"stat.craftItem.tconstruct.rack":4,"stat.fallOneCm":209,"stat.craftItem.inspirations.mulch":8,"stat.craftItem.bonsaitrees.bonsaipot":4,"stat.useItem.minecraft.stone_axe":41,"stat.crouchOneCm":71396,"stat.mineBlock.minecraft.chest":5,"stat.craftItem.minecraft.chest":6,"stat.mineBlock.sky_orchards.log_sand":28,"stat.pickup.minecraft.dirt":3,"stat.pickup.bonsaitrees.bonsaipot":3,"stat.mineBlock.sky_orchards.leaves_sand":119,"stat.pickup.sky_orchards.sapling_sand":44,"stat.useItem.minecraft.sapling":1,"stat.mineBlock.tconstruct.rack":5,"stat.craftItem.tcomplement.melter":2,"stat.pickup.inspirations.sugar_cane_seeds":19,"stat.pickup.minecraft.leaves":4,"stat.damageTaken":10,"stat.mineBlock.minecraft.torch":1,"stat.useItem.minecraft.wooden_pickaxe":13,"stat.mineBlock.tconstruct.smeltery_io":1,"stat.craftItem.tconstruct.materials":136,"stat.mineBlock.minecraft.sapling":1,"stat.pickup.minecraft.dye":2,"stat.pickup.minecraft.planks":1,"stat.pickup.tconstruct.materials":12,"stat.useItem.minecraft.stone_pickaxe":7,"stat.craftItem.tconstruct.seared_tank":2,"stat.pickup.sky_orchards.sapling_clay":48,"stat.craftItem.tconstruct.seared_furnace_controller":2,"stat.craftItem.minecraft.glass":2,"stat.craftItem.minecraft.gravel":67,"stat.craftItem.minecraft.stone_slab":48,"stat.walkOneCm":319107,"stat.useItem.minecraft.torch":2,"stat.useItem.minecraft.chest":2,"stat.craftItem.tconstruct.smeltery_io":4,"stat.pickup.sky_orchards.leaves_clay":10,"stat.pickup.minecraft.stick":206,"stat.pickup.tcomplement.melter":1,"stat.pickup.minecraft.crafting_table":1,"stat.useItem.minecraft.log":1,"stat.craftItem.inspirations.wooden_crook":19,"stat.craftItem.minecraft.crafting_table":2,"stat.pickup.sky_orchards.acorn_clay":73,"stat.pickup.sky_orchards.leaves_sand":65,"stat.craftItem.ceramics.clay_bucket":3,"stat.craftItem.morecauldrons.oak_cauldron":2,"stat.mineBlock.sky_orchards.sapling_clay":1,"stat.pickup.minecraft.log":658,"stat.useItem.tconstruct.faucet":1,"stat.mineBlock.sky_orchards.log_gravel":19,"stat.drop.inspirations.wooden_crook":1,"stat.pickup.sky_orchards.resin_gravel":184,"stat.craftItem.rustic.crushing_tub":1,"stat.pickup.sky_orchards.acorn_gravel":251,"stat.pickup.sky_orchards.acorn_sand":244,"stat.pickup.minecraft.sapling":2,"stat.pickup.sky_orchards.sapling_gravel":42,"stat.craftItem.tconstruct.smeltery_controller":2,"stat.craftItem.minecraft.planks":372,"stat.pickup.morecauldrons.oak_cauldron":2,"stat.craftItem.minecraft.dirt":8,"stat.mineBlock.minecraft.log":1,"stat.mineBlock.sky_orchards.log_clay":30,"stat.craftItem.slabmachines.furnace_slab":2,"stat.pickup.minecraft.torch":1,"stat.sneakTime":24155,"stat.mineBlock.tconstruct.casting":1,"stat.mineBlock.tp.cobblegen_block":1,"stat.pickup.minecraft.stone_slab":9,"stat.useItem.minecraft.wooden_axe":129,"stat.craftItem.minecraft.brick":14,"stat.craftItem.minecraft.cobblestone":32,"stat.useItem.sky_orchards.sapling_dirt":7,"stat.mineBlock.sky_orchards.log_petrified":80,"stat.pickup.minecraft.chest":5}