{"stat.chestOpened":6,"stat.craftItem.minecraft.stone_slab":36,"stat.walkOneCm":55364,"stat.pickup.minecraft.wooden_slab":8,"stat.useItem.minecraft.chest":1,"stat.craftItem.ceramics.unfired_clay":2,"stat.leaveGame":4,"stat.pickup.minecraft.crafting_table":1,"stat.craftItem.minecraft.crafting_table":2,"stat.craftItem.inspirations.wooden_crook":8,"stat.pickup.sky_orchards.acorn_clay":11,"stat.pickup.sky_orchards.acorn_petrified":52,"stat.useItem.tconstruct.rack":2,"stat.pickup.sky_orchards.resin_dirt":65,"stat.useItem.inspirations.wooden_crook":934,"stat.pickup.minecraft.log":100,"stat.pickup.sky_orchards.resin_clay":14,"stat.jump":38,"stat.craftItem.tconstruct.rack":4,"stat.useItem.minecraft.planks":1,"stat.craftItem.sky_orchards.sapling_petrified":2,"stat.craftItem.rustic.crushing_tub":1,"stat.pickup.sky_orchards.acorn_gravel":9,"stat.mineBlock.sky_orchards.leaves_clay":110,"stat.crouchOneCm":40094,"stat.mineBlock.sky_orchards.log_dirt":42,"stat.craftItem.minecraft.chest":4,"stat.useItem.sky_orchards.sapling_petrified":8,"stat.craftItem.tconstruct.tooltables":2,"stat.pickup.sky_orchards.acorn_dirt":21,"stat.useItem.minecraft.dirt":1,"stat.sprintOneCm":1574,"stat.useItem.minecraft.stone_slab2":25,"stat.mineBlock.minecraft.stone_slab":1,"stat.craftItem.minecraft.stick":12,"stat.craftItem.minecraft.wooden_axe":2,"stat.useItem.minecraft.stone_slab":15,"stat.craftItem.sky_orchards.sapling_gravel":2,"stat.mineBlock.tconstruct.rack":2,"stat.pickup.sky_orchards.sapling_dirt":46,"stat.mineBlock.sky_orchards.leaves_petrified":516,"stat.craftItem.minecraft.planks":164,"stat.craftItem.minecraft.dirt":2,"stat.useItem.minecraft.wooden_pickaxe":1,"stat.mineBlock.sky_orchards.leaves_dirt":398,"stat.craftItem.minecraft.clay_ball":8,"stat.mineBlock.minecraft.wooden_slab":8,"stat.pickup.minecraft.planks":1,"stat.mineBlock.sky_orchards.log_clay":10,"stat.flyOneCm":66,"stat.mineBlock.minecraft.planks":1,"stat.playOneMinute":42918,"stat.pickup.tconstruct.rack":2,"stat.craftItem.sky_orchards.sapling_clay":2,"stat.craftItem.minecraft.wooden_slab":156,"stat.pickup.sky_orchards.resin_petrified":69,"stat.pickup.sky_orchards.sapling_clay":15,"stat.sneakTime":13069,"stat.pickup.sky_orchards.sapling_petrified":70,"stat.timeSinceDeath":42918,"stat.pickup.minecraft.stone_slab":7,"stat.useItem.minecraft.wooden_axe":38,"stat.craftItem.minecraft.clay":2,"stat.useItem.minecraft.wooden_slab":78,"stat.craftItem.minecraft.cobblestone":20,"stat.craftItem.minecraft.wooden_pickaxe":2,"stat.useItem.sky_orchards.sapling_dirt":7,"stat.mineBlock.sky_orchards.log_petrified":48}