{"stat.mineBlock.sky_orchards.log_coal":6,"stat.craftItem.sky_orchards.sapling_cottonwood":2,"stat.craftItem.sky_orchards.sapling_sand":2,"stat.pickup.minecraft.wooden_slab":19,"stat.leaveGame":7,"stat.pickup.tconstruct.faucet":1,"stat.useItem.minecraft.planks":5,"stat.craftItem.sky_orchards.sapling_petrified":2,"stat.mineBlock.sky_orchards.log_dirt":46,"stat.craftItem.sky_orchards.amber_clay":44,"stat.craftItem.sky_orchards.sapling_gravel":2,"stat.pickup.sky_orchards.sapling_dirt":59,"stat.craftItem.minecraft.stone_axe":5,"stat.mineBlock.minecraft.wooden_slab":21,"stat.craftItem.tconstruct.casting":4,"stat.pickup.inspirations.mulch":7,"stat.pickup.sky_orchards.resin_petrified":111,"stat.pickup.tconstruct.slime_sapling":1,"stat.craftItem.minecraft.wooden_pickaxe":2,"stat.furnaceInteraction":150,"stat.pickup.xlfoodmod.lettuce_seeds":2,"stat.pickup.sky_orchards.acorn_coal":25,"stat.mineBlock.tcomplement.melter":2,"stat.pickup.sky_orchards.acorn_dirt":37,"stat.pickup.inspirations.potato_seeds":3,"stat.pickup.sky_orchards.sapling_coal":5,"stat.pickup.tconstruct.smeltery_io":1,"stat.craftItem.minecraft.sand":77,"stat.useItem.minecraft.wheat_seeds":10,"stat.pickup.minecraft.pumpkin_seeds":4,"stat.pickup.sky_orchards.leaves_coal":9,"stat.craftItem.morecauldrons.cobble_cauldron":1,"stat.useItem.minecraft.dye":143,"stat.pickup.sky_orchards.leaves_dirt":2,"stat.playOneMinute":314557,"stat.pickup.tconstruct.rack":5,"stat.pickup.xlfoodmod.raw_corn":16,"stat.useItem.sky_orchards.acorn_dirt":1,"stat.pickup.sky_orchards.sapling_lapis":1,"stat.mineBlock.minecraft.tallgrass":188,"stat.useItem.sky_orchards.sapling_sand":1,"stat.pickup.tconstruct.seared":1,"stat.chestOpened":516,"stat.pickup.tconstruct.casting":1,"stat.craftItem.tp.cobblegen_block":2,"stat.pickup.sky_orchards.acorn_petrified":82,"stat.craftItem.sky_orchards.sapling_diamond":2,"stat.mineBlock.sky_orchards.leaves_iron":54,"stat.craftItem.snad.snad":2,"stat.useItem.inspirations.wooden_crook":1736,"stat.pickup.sky_orchards.resin_sand":192,"stat.mineBlock.tconstruct.faucet":1,"stat.craftItem.minecraft.coal":12,"stat.pickup.tconstruct.seared_furnace_controller":2,"stat.pickup.rustic.leaves_apple":3,"stat.craftItem.minecraft.iron_hoe":2,"stat.useItem.sky_orchards.sapling_gravel":1,"stat.fallOneCm":3971,"stat.craftItem.inspirations.mulch":24,"stat.craftItem.sky_orchards.sapling_redstone":2,"stat.pickup.sky_orchards.leaves_bone":2,"stat.pickup.minecraft.melon_seeds":6,"stat.crouchOneCm":88921,"stat.mineBlock.minecraft.chest":6,"stat.craftItem.minecraft.chest":79,"stat.craftItem.minecraft.iron_ingot":117,"stat.useItem.inspirations.mulch":3,"stat.pickup.bonsaitrees.bonsaipot":7,"stat.useItem.minecraft.iron_hoe":16,"stat.craftItem.minecraft.hopper":33,"stat.mineBlock.sky_orchards.leaves_sand":120,"stat.pickup.sky_orchards.sapling_sand":46,"stat.mineBlock.tconstruct.rack":5,"stat.mineBlock.tconstruct.smeltery_io":1,"stat.craftItem.tconstruct.materials":136,"stat.pickup.minecraft.dye":7,"stat.pickup.minecraft.planks":1,"stat.pickup.sky_orchards.resin_iron":25,"stat.pickup.minecraft.wheat_seeds":15,"stat.craftItem.sky_orchards.acorn_iron":7,"stat.useItem.minecraft.stone_pickaxe":13,"stat.craftItem.tconstruct.seared_tank":2,"stat.craftItem.tconstruct.seared_furnace_controller":2,"stat.pickup.sky_orchards.acorn_iron":29,"stat.mineBlock.minecraft.dirt":38,"stat.craftItem.sky_orchards.amber_tin":2,"stat.useItem.minecraft.torch":7,"stat.pickup.sky_orchards.sapling_iron":22,"stat.pickup.sky_orchards.leaves_clay":14,"stat.pickup.inspirations.carrot_seeds":5,"stat.pickup.minecraft.crafting_table":1,"stat.useItem.minecraft.log":1,"stat.useItem.minecraft.cobblestone":1,"stat.craftItem.minecraft.crafting_table":2,"stat.craftItem.ceramics.clay_bucket":4,"stat.mineBlock.sky_orchards.sapling_clay":1,"stat.pickup.minecraft.log":804,"stat.pickup.sky_orchards.resin_gravel":211,"stat.pickup.sky_orchards.acorn_sand":309,"stat.pickup.minecraft.sapling":13,"stat.pickup.minecraft.apple":6,"stat.craftItem.tconstruct.smeltery_controller":2,"stat.pickup.minecraft.beetroot":8,"stat.craftItem.minecraft.bucket":2,"stat.craftItem.minecraft.planks":1140,"stat.pickup.morecauldrons.oak_cauldron":2,"stat.craftItem.minecraft.dirt":18,"stat.mineBlock.minecraft.log":14,"stat.mineBlock.sky_orchards.log_clay":30,"stat.pickup.rustic.sapling_apple":8,"stat.useItem.sky_orchards.acorn_sand":9,"stat.pickup.minecraft.red_flower":7,"stat.useItem.minecraft.beetroot_seeds":2,"stat.sneakTime":28799,"stat.pickup.minecraft.stone_slab":10,"stat.useItem.minecraft.wooden_axe":129,"stat.pickup.minecraft.yellow_flower":10,"stat.useItem.sky_orchards.leaves_sand":1,"stat.craftItem.minecraft.cobblestone":32,"stat.useItem.sky_orchards.sapling_dirt":7,"stat.pickup.minecraft.chest":6,"stat.craftItem.ceramics.unfired_clay":8,"stat.mineBlock.minecraft.cobblestone":11,"stat.mineBlock.sky_orchards.leaves_gravel":133,"stat.pickup.minecraft.flint":14,"stat.mineBlock.minecraft.yellow_flower":10,"stat.craftItem.tconstruct.faucet":4,"stat.pickup.sky_orchards.resin_dirt":82,"stat.craftItem.minecraft.wool":2,"stat.pickup.pickletweaks.coal_piece":2,"stat.craftItem.sky_orchards.amber_iron":75,"stat.swimOneCm":5161,"stat.mineBlock.morecauldrons.oak_cauldron":2,"stat.craftItem.inspirations.stone_crook":3,"stat.useItem.minecraft.dirt":40,"stat.useItem.minecraft.stone_slab2":180,"stat.craftItem.minecraft.furnace":3,"stat.craftItem.minecraft.lapis_block":2,"stat.craftItem.minecraft.bone_block":42,"stat.pickup.tp.cobblegen_block":1,"stat.craftItem.sky_orchards.sapling_bone":1,"stat.craftItem.minecraft.stone_pickaxe":1,"stat.mineBlock.sky_orchards.leaves_dirt":453,"stat.pickup.minecraft.cobblestone":27,"stat.craftItem.sky_orchards.amber_gold":4,"stat.useItem.minecraft.stone_shovel":14,"stat.flyOneCm":27388,"stat.craftItem.minecraft.glass_bottle":6,"stat.pickup.minecraft.glass_bottle":2,"stat.mineBlock.sky_orchards.leaves_coal":53,"stat.pickup.sky_orchards.resin_coal":30,"stat.craftItem.minecraft.wooden_slab":438,"stat.pickup.sky_orchards.sapling_petrified":211,"stat.timeSinceDeath":314557,"stat.useItem.minecraft.wooden_slab":277,"stat.pickup.minecraft.wooden_axe":2,"stat.craftItem.tconstruct.seared":47,"stat.useItem.tconstruct.rack":2,"stat.useItem.sky_orchards.sapling_clay":1,"stat.craftItem.tconstruct.soil":218,"stat.pickup.tconstruct.smeltery_controller":1,"stat.mineBlock.rustic.sapling_apple":1,"stat.pickup.xlfoodmod.corn_seeds":13,"stat.mineBlock.sky_orchards.leaves_clay":320,"stat.craftItem.minecraft.stone_slab2":0,"stat.craftItem.tconstruct.stone_stick":8,"stat.useItem.sky_orchards.sapling_petrified":12,"stat.craftItem.tconstruct.tooltables":2,"stat.sprintOneCm":124737,"stat.mineBlock.minecraft.stone_slab":4,"stat.craftItem.minecraft.stick":28,"stat.craftItem.minecraft.wooden_axe":18,"stat.useItem.minecraft.stone_slab":16,"stat.useItem.carryon.tile_item":1,"stat.mineBlock.sky_orchards.leaves_petrified":819,"stat.pickup.sky_orchards.leaves_gravel":77,"stat.pickup.inspirations.wooden_crook":1,"stat.craftItem.minecraft.clay_ball":212,"stat.mineBlock.minecraft.planks":1,"stat.drop":1,"stat.craftItem.sky_orchards.sapling_clay":2,"stat.mineBlock.rustic.leaves_apple":54,"stat.useItem.tconstruct.seared":12,"stat.mineBlock.bonsaitrees.bonsaipot":7,"stat.craftItem.minecraft.dye":166,"stat.craftItem.minecraft.clay":56,"stat.diveOneCm":1408,"stat.craftItem.minecraft.slime_ball":4,"stat.pickup.minecraft.wheat":10,"stat.useItem.inspirations.stone_crook":197,"stat.mineBlock.tconstruct.seared_furnace_controller":2,"stat.mineBlock.tconstruct.smeltery_controller":1,"stat.useItem.bonsaitrees.bonsaipot":6,"stat.craftItem.sky_orchards.sapling_coal":1,"stat.pickup.sky_orchards.resin_clay":76,"stat.pickup.sky_orchards.leaves_iron":9,"stat.jump":417,"stat.craftItem.tconstruct.rack":4,"stat.craftItem.bonsaitrees.bonsaipot":60,"stat.useItem.minecraft.stone_axe":68,"stat.mineBlock.sky_orchards.log_sand":28,"stat.pickup.minecraft.dirt":42,"stat.craftItem.sky_orchards.sapling_lapis":2,"stat.pickup.sky_orchards.resin_bone":8,"stat.useItem.minecraft.sapling":1,"stat.craftItem.tcomplement.melter":2,"stat.pickup.inspirations.sugar_cane_seeds":19,"stat.pickup.minecraft.leaves":12,"stat.damageTaken":10,"stat.mineBlock.minecraft.torch":3,"stat.mineBlock.minecraft.red_flower":7,"stat.useItem.minecraft.wooden_pickaxe":13,"stat.mineBlock.minecraft.sapling":1,"stat.craftItem.sky_orchards.amber_lead":2,"stat.pickup.tconstruct.materials":12,"stat.pickup.sky_orchards.sapling_clay":51,"stat.craftItem.minecraft.glass":2,"stat.mineBlock.sky_orchards.log_iron":6,"stat.craftItem.minecraft.gravel":75,"stat.pickup.sky_orchards.acorn_bone":16,"stat.craftItem.minecraft.stone_slab":48,"stat.craftItem.minecraft.stone_shovel":2,"stat.walkOneCm":672483,"stat.useItem.minecraft.chest":9,"stat.craftItem.tconstruct.smeltery_io":4,"stat.pickup.minecraft.stick":266,"stat.pickup.tcomplement.melter":2,"stat.pickup.sky_orchards.sapling_bone":2,"stat.craftItem.inspirations.wooden_crook":19,"stat.pickup.sky_orchards.acorn_clay":86,"stat.pickup.rustic.apple_seeds":1,"stat.pickup.sky_orchards.leaves_sand":68,"stat.craftItem.morecauldrons.oak_cauldron":2,"stat.craftItem.sky_orchards.amber_silver":2,"stat.useItem.tconstruct.faucet":1,"stat.mineBlock.sky_orchards.log_gravel":19,"stat.drop.inspirations.wooden_crook":1,"stat.craftItem.rustic.crushing_tub":1,"stat.pickup.sky_orchards.acorn_gravel":287,"stat.pickup.sky_orchards.sapling_gravel":46,"stat.craftItem.bdsandm.wood_crate":2,"stat.mineBlock.inspirations.mulch":3,"stat.craftItem.farmingforblockheads.market":2,"stat.pickup.minecraft.beetroot_seeds":8,"stat.mineBlock.minecraft.leaves":53,"stat.craftItem.slabmachines.furnace_slab":2,"stat.pickup.minecraft.torch":8,"stat.mineBlock.tconstruct.seared":1,"stat.craftItem.sky_orchards.amber_nickel":2,"stat.mineBlock.tconstruct.casting":1,"stat.mineBlock.tp.cobblegen_block":1,"stat.craftItem.minecraft.brick":60,"stat.mineBlock.sky_orchards.log_petrified":80}